{
  "batch_size": 128,
  "buffer_size": 10000,
  "exploration_final_eps": 0.05429438199766446,
  "exploration_fraction": 0.2693179876304981,
  "exploration_initial_eps": 0.9888082018857528,
  "gamma": 0.916980908414808,
  "gradient_steps": 4,
  "learning_rate": 0.00016814811847810148,
  "learning_starts": 5000,
  "target_update_interval": 5000,
  "tau": 0.07052269957350532,
  "train_freq": 16
}