{
  "batch_size": 32,
  "buffer_size": 50000,
  "exploration_final_eps": 0.08345401102463362,
  "exploration_fraction": 0.4203141280133189,
  "exploration_initial_eps": 0.5960538392516751,
  "gamma": 0.9955222568778203,
  "gradient_steps": 8,
  "learning_rate": 0.0008897829059135943,
  "learning_starts": 50000,
  "target_update_interval": 5000,
  "tau": 0.08257577051996223,
  "train_freq": 1
}