{
  "batch_size": 64,
  "buffer_size": 1000000,
  "exploration_final_eps": 0.05159711478771056,
  "exploration_fraction": 0.39090474839854233,
  "exploration_initial_eps": 0.884359047396738,
  "gamma": 0.9715687577152065,
  "gradient_steps": 4,
  "learning_rate": 0.00011063072923261707,
  "learning_starts": 1000,
  "target_update_interval": 20000,
  "tau": 0.0868792297841512,
  "train_freq": 1
}