{
  "batch_size": 128,
  "buffer_size": 50000,
  "exploration_final_eps": 0.06783826306128303,
  "exploration_fraction": 0.28323695801511334,
  "exploration_initial_eps": 0.952798054790525,
  "gamma": 0.9964058546974306,
  "gradient_steps": 2,
  "learning_rate": 0.006581806142241933,
  "learning_starts": 10000,
  "target_update_interval": 10000,
  "tau": 0.060289622058512585,
  "train_freq": 4
}