{
  "batch_size": 64,
  "buffer_size": 500000,
  "exploration_final_eps": 0.07331536573249077,
  "exploration_fraction": 0.49732181627097116,
  "exploration_initial_eps": 0.7845682378951977,
  "gamma": 0.9780432330285252,
  "gradient_steps": 8,
  "learning_rate": 3.107247937745183e-05,
  "learning_starts": 10000,
  "target_update_interval": 1000,
  "tau": 0.05349862264434054,
  "train_freq": 1
}