{
  "batch_size": 32,
  "buffer_size": 50000,
  "exploration_final_eps": 0.048852615452192286,
  "exploration_fraction": 0.4650755159322783,
  "exploration_initial_eps": 0.6255161022812279,
  "gamma": 0.9878680728725011,
  "gradient_steps": 8,
  "learning_rate": 0.002242296687683428,
  "learning_starts": 5000,
  "target_update_interval": 20000,
  "tau": 0.026479777731587946,
  "train_freq": 1
}