{
  "epoch": 2,
  "metrics": {
    "epoch": 2,
    "episode_rewards": 20.722173617153736,
    "episode_lengths": 100.0,
    "losses": 1.0643336195240138,
    "epsilon_values": 0.6057704364907278,
    "loss": 1.0118821979173023,
    "val_mean_episode_reward": -5.025168310770856,
    "val_std_episode_reward": 5.976589704889031,
    "val_mean_episode_length": 77.3,
    "val_min_episode_reward": -17.435142319552444,
    "val_max_episode_reward": 3.509462781175979
  },
  "training_config": {
    "episodes": 100,
    "batch_size": 32,
    "learning_rate": 0.001,
    "gamma": 0.99,
    "epsilon_start": 1.0,
    "epsilon_end": 0.01,
    "epsilon_decay": 0.995,
    "replay_buffer_size": 10000,
    "target_update_frequency": 100,
    "validation_split": 0.2,
    "early_stopping_patience": 10,
    "use_tensorboard": true,
    "log_dir": "./logs"
  },
  "checkpoint_time": "2025-05-30T21:28:44.137917",
  "best_value": Infinity,
  "monitor": "loss"
}