{
  "epoch": 9,
  "metrics": {
    "epoch": 9,
    "episode_rewards": -6.56309585545413,
    "episode_lengths": 51.0,
    "losses": 0.9556973116192449,
    "epsilon_values": 0.6057704364907278,
    "loss": 1.0086902930339865,
    "val_mean_episode_reward": -3.1947347512118074,
    "val_std_episode_reward": 14.339892962108669,
    "val_mean_episode_length": 69.5,
    "val_min_episode_reward": -26.92938687725027,
    "val_max_episode_reward": 25.871982260837544
  },
  "training_config": {
    "episodes": 100,
    "batch_size": 32,
    "learning_rate": 0.001,
    "gamma": 0.99,
    "epsilon_start": 1.0,
    "epsilon_end": 0.01,
    "epsilon_decay": 0.995,
    "replay_buffer_size": 10000,
    "target_update_frequency": 100,
    "validation_split": 0.2,
    "early_stopping_patience": 10,
    "use_tensorboard": true,
    "log_dir": "./logs"
  },
  "checkpoint_time": "2025-05-30T21:35:17.248915",
  "best_value": Infinity,
  "monitor": "loss"
}