{
  "batch_size": 256,
  "buffer_size": 100000,
  "exploration_final_eps": 0.053563066806942033,
  "exploration_fraction": 0.13260168996339006,
  "exploration_initial_eps": 0.7192749032120413,
  "gamma": 0.9505717873351871,
  "gradient_steps": 8,
  "learning_rate": 0.0001958763380867811,
  "learning_starts": 5000,
  "target_update_interval": 10000,
  "tau": 0.07932020649389986,
  "train_freq": 16
}