{
  "batch_size": 128,
  "buffer_size": 1000000,
  "exploration_final_eps": 0.09752358875630705,
  "exploration_fraction": 0.3478035051887305,
  "exploration_initial_eps": 0.8638505181154255,
  "gamma": 0.9537886020871411,
  "gradient_steps": 4,
  "learning_rate": 0.0009145301118252631,
  "learning_starts": 50000,
  "target_update_interval": 5000,
  "tau": 0.03461658401144765,
  "train_freq": 1
}