{
  "batch_size": 64,
  "buffer_size": 500000,
  "exploration_final_eps": 0.05942425417056778,
  "exploration_fraction": 0.10938037807370313,
  "exploration_initial_eps": 0.8033171020199614,
  "gamma": 0.9006136795531536,
  "gradient_steps": 2,
  "learning_rate": 0.004243265098462494,
  "learning_starts": 50000,
  "target_update_interval": 20000,
  "tau": 0.08877782664870652,
  "train_freq": 16
}