{
  "batch_size": 256,
  "buffer_size": 100000,
  "exploration_final_eps": 0.06446174237088696,
  "exploration_fraction": 0.12710767088846384,
  "exploration_initial_eps": 0.572997577821661,
  "gamma": 0.9852242100888218,
  "gradient_steps": 1,
  "learning_rate": 3.159326956327377e-05,
  "learning_starts": 5000,
  "target_update_interval": 1000,
  "tau": 0.057971085115271874,
  "train_freq": 8
}