{
  "batch_size": 64,
  "buffer_size": 10000,
  "exploration_final_eps": 0.034989164247846226,
  "exploration_fraction": 0.05911082067812534,
  "exploration_initial_eps": 0.5988757063907424,
  "gamma": 0.9378153178076556,
  "gradient_steps": 2,
  "learning_rate": 2.94846477929577e-05,
  "learning_starts": 5000,
  "target_update_interval": 10000,
  "tau": 0.009450542706278667,
  "train_freq": 1
}