{
  "batch_size": 64,
  "buffer_size": 10000,
  "exploration_final_eps": 0.04475780334307122,
  "exploration_fraction": 0.337454412938102,
  "exploration_initial_eps": 0.9667953836399079,
  "gamma": 0.9249712483506509,
  "gradient_steps": 2,
  "learning_rate": 0.0006666488574148225,
  "learning_starts": 1000,
  "target_update_interval": 5000,
  "tau": 0.08619026248128485,
  "train_freq": 16
}