{
  "batch_size": 64,
  "buffer_size": 1000000,
  "exploration_final_eps": 0.018273044001261087,
  "exploration_fraction": 0.10814129510502596,
  "exploration_initial_eps": 0.8463490449835757,
  "gamma": 0.9407301585260566,
  "gradient_steps": 8,
  "learning_rate": 1.0314503464407325e-05,
  "learning_starts": 50000,
  "target_update_interval": 1000,
  "tau": 0.06039191859561123,
  "train_freq": 16
}