{
  "batch_size": 64,
  "buffer_size": 10000,
  "exploration_final_eps": 0.06467451544816462,
  "exploration_fraction": 0.146891714830025,
  "exploration_initial_eps": 0.5326786519538749,
  "gamma": 0.9472104162246546,
  "gradient_steps": 8,
  "learning_rate": 0.0033890355728321614,
  "learning_starts": 10000,
  "target_update_interval": 1000,
  "tau": 0.02616662837904431,
  "train_freq": 1
}