{
  "batch_size": 256,
  "buffer_size": 500000,
  "exploration_final_eps": 0.03467167241654077,
  "exploration_fraction": 0.21735137666578175,
  "exploration_initial_eps": 0.6153603051118031,
  "gamma": 0.9816196195442298,
  "gradient_steps": 8,
  "learning_rate": 0.0008135718614259152,
  "learning_starts": 1000,
  "target_update_interval": 5000,
  "tau": 0.03328402001950598,
  "train_freq": 1
}