{
  "batch_size": 128,
  "buffer_size": 1000000,
  "exploration_final_eps": 0.07533066215194582,
  "exploration_fraction": 0.11833661554657901,
  "exploration_initial_eps": 0.9378943398568291,
  "gamma": 0.9435853790035534,
  "gradient_steps": 4,
  "learning_rate": 0.0005574449600526349,
  "learning_starts": 5000,
  "target_update_interval": 20000,
  "tau": 0.09772240668410727,
  "train_freq": 1
}