{
  "epoch": 0,
  "metrics": {
    "epoch": 0,
    "episode_rewards": -7.43343748537753,
    "episode_lengths": 100.0,
    "losses": 1.670785604997445,
    "epsilon_values": 0.6057704364907278,
    "loss": 1.0077647744198444,
    "val_mean_episode_reward": 3.9332085195198068,
    "val_std_episode_reward": 8.424449847345151,
    "val_mean_episode_length": 92.1,
    "val_min_episode_reward": -11.628453842942063,
    "val_max_episode_reward": 17.388903980707944
  },
  "training_config": {
    "episodes": 100,
    "batch_size": 32,
    "learning_rate": 0.001,
    "gamma": 0.99,
    "epsilon_start": 1.0,
    "epsilon_end": 0.01,
    "epsilon_decay": 0.995,
    "replay_buffer_size": 10000,
    "target_update_frequency": 100,
    "validation_split": 0.2,
    "early_stopping_patience": 10,
    "use_tensorboard": true,
    "log_dir": "./logs"
  },
  "checkpoint_time": "2025-05-30T21:36:48.126478",
  "best_value": Infinity,
  "monitor": "loss"
}