{
  "batch_size": 32,
  "buffer_size": 500000,
  "exploration_final_eps": 0.0988600835625624,
  "exploration_fraction": 0.37923085835349374,
  "exploration_initial_eps": 0.8814781191484147,
  "gamma": 0.9496199273581111,
  "gradient_steps": 2,
  "learning_rate": 1.0604811229872794e-05,
  "learning_starts": 5000,
  "target_update_interval": 5000,
  "tau": 0.050985117782196186,
  "train_freq": 1
}