{
  "batch_size": 128,
  "buffer_size": 500000,
  "exploration_final_eps": 0.04873100814856842,
  "exploration_fraction": 0.26334439721677944,
  "exploration_initial_eps": 0.506395343664068,
  "gamma": 0.9762976904142189,
  "gradient_steps": 8,
  "learning_rate": 0.0004577920342213542,
  "learning_starts": 1000,
  "target_update_interval": 10000,
  "tau": 0.08992865194136493,
  "train_freq": 1
}