{
  "epoch": 3,
  "metrics": {
    "epoch": 3,
    "episode_rewards": -10.855524648036281,
    "episode_lengths": 100.0,
    "losses": 1.0205272268444705,
    "epsilon_values": 0.6057704364907278,
    "loss": 1.0079561183153785,
    "val_mean_episode_reward": 2.28459434130611,
    "val_std_episode_reward": 6.488994951731431,
    "val_mean_episode_length": 49.4,
    "val_min_episode_reward": -4.673744044303186,
    "val_max_episode_reward": 17.041271199060112
  },
  "training_config": {
    "episodes": 100,
    "batch_size": 32,
    "learning_rate": 0.001,
    "gamma": 0.99,
    "epsilon_start": 1.0,
    "epsilon_end": 0.01,
    "epsilon_decay": 0.995,
    "replay_buffer_size": 10000,
    "target_update_frequency": 100,
    "validation_split": 0.2,
    "early_stopping_patience": 10,
    "use_tensorboard": true,
    "log_dir": "./logs"
  },
  "checkpoint_time": "2025-05-30T21:39:39.936278",
  "best_value": Infinity,
  "monitor": "loss"
}