{
  "epoch": 7,
  "metrics": {
    "epoch": 7,
    "episode_rewards": -2.957139171434004,
    "episode_lengths": 100.0,
    "losses": 1.2030746965873311,
    "epsilon_values": 0.6057704364907278,
    "loss": 1.010099145799792,
    "val_mean_episode_reward": -0.7089034232294483,
    "val_std_episode_reward": 8.57511131125177,
    "val_mean_episode_length": 60.7,
    "val_min_episode_reward": -15.548925447919757,
    "val_max_episode_reward": 15.403172056361536
  },
  "training_config": {
    "episodes": 100,
    "batch_size": 32,
    "learning_rate": 0.001,
    "gamma": 0.99,
    "epsilon_start": 1.0,
    "epsilon_end": 0.01,
    "epsilon_decay": 0.995,
    "replay_buffer_size": 10000,
    "target_update_frequency": 100,
    "validation_split": 0.2,
    "early_stopping_patience": 10,
    "use_tensorboard": true,
    "log_dir": "./logs"
  },
  "checkpoint_time": "2025-05-30T21:33:25.390130",
  "best_value": Infinity,
  "monitor": "loss"
}