{
  "batch_size": 32,
  "buffer_size": 10000,
  "exploration_final_eps": 0.09366271444326277,
  "exploration_fraction": 0.28402410993332283,
  "exploration_initial_eps": 0.7375829242131755,
  "gamma": 0.9666986104367419,
  "gradient_steps": 1,
  "learning_rate": 0.0004045953139322814,
  "learning_starts": 10000,
  "target_update_interval": 1000,
  "tau": 0.035458620319669926,
  "train_freq": 8
}