{
  "batch_size": 128,
  "buffer_size": 100000,
  "exploration_final_eps": 0.019539450181771584,
  "exploration_fraction": 0.16448565687817174,
  "exploration_initial_eps": 0.9259969891793498,
  "gamma": 0.9950040884387692,
  "gradient_steps": 2,
  "learning_rate": 5.678379362652979e-05,
  "learning_starts": 10000,
  "target_update_interval": 5000,
  "tau": 0.01767217792864332,
  "train_freq": 8
}