{
  "epoch": 4,
  "metrics": {
    "epoch": 4,
    "episode_rewards": -0.5344519157099631,
    "episode_lengths": 18.0,
    "losses": 1.1540803338327876,
    "epsilon_values": 0.6057704364907278,
    "loss": 1.0043111060641934,
    "val_mean_episode_reward": 3.2032648448867307,
    "val_std_episode_reward": 8.17138946888287,
    "val_mean_episode_length": 74.5,
    "val_min_episode_reward": -5.695559854128973,
    "val_max_episode_reward": 22.277652216659497
  },
  "training_config": {
    "episodes": 100,
    "batch_size": 32,
    "learning_rate": 0.001,
    "gamma": 0.99,
    "epsilon_start": 1.0,
    "epsilon_end": 0.01,
    "epsilon_decay": 0.995,
    "replay_buffer_size": 10000,
    "target_update_frequency": 100,
    "validation_split": 0.2,
    "early_stopping_patience": 10,
    "use_tensorboard": true,
    "log_dir": "./logs"
  },
  "checkpoint_time": "2025-05-30T21:40:37.197610",
  "best_value": Infinity,
  "monitor": "loss"
}