{
  "batch_size": 32,
  "buffer_size": 500000,
  "exploration_final_eps": 0.03268679691753007,
  "exploration_fraction": 0.48754042404255055,
  "exploration_initial_eps": 0.5761858240387043,
  "gamma": 0.9503931530795434,
  "gradient_steps": 2,
  "learning_rate": 0.0016088583287589189,
  "learning_starts": 50000,
  "target_update_interval": 1000,
  "tau": 0.09523711453389239,
  "train_freq": 4
}