{
  "batch_size": 32,
  "buffer_size": 10000,
  "exploration_final_eps": 0.09306415214535974,
  "exploration_fraction": 0.34942535414955794,
  "exploration_initial_eps": 0.8826512548423893,
  "gamma": 0.9106584890875287,
  "gradient_steps": 1,
  "learning_rate": 2.3446877048023988e-05,
  "learning_starts": 5000,
  "target_update_interval": 5000,
  "tau": 0.08977624677269554,
  "train_freq": 4
}