{
  "batch_size": 32,
  "buffer_size": 100000,
  "exploration_final_eps": 0.031116984054258515,
  "exploration_fraction": 0.414506250984349,
  "exploration_initial_eps": 0.9150359352220554,
  "gamma": 0.9242707107374352,
  "gradient_steps": 8,
  "learning_rate": 7.169527835457825e-05,
  "learning_starts": 50000,
  "target_update_interval": 20000,
  "tau": 0.027617260739201597,
  "train_freq": 4
}