{
  "batch_size": 256,
  "buffer_size": 10000,
  "exploration_final_eps": 0.0858183044287372,
  "exploration_fraction": 0.15555733552196335,
  "exploration_initial_eps": 0.8337835391570871,
  "gamma": 0.9826201567509825,
  "gradient_steps": 2,
  "learning_rate": 3.118920717303114e-05,
  "learning_starts": 10000,
  "target_update_interval": 1000,
  "tau": 0.03799614206879743,
  "train_freq": 4
}