{
  "batch_size": 256,
  "buffer_size": 1000000,
  "exploration_final_eps": 0.09026502826915843,
  "exploration_fraction": 0.474349926239325,
  "exploration_initial_eps": 0.5014600442945557,
  "gamma": 0.9139190030280259,
  "gradient_steps": 2,
  "learning_rate": 0.00021964467867139538,
  "learning_starts": 50000,
  "target_update_interval": 5000,
  "tau": 0.021742429600731934,
  "train_freq": 4
}