{
  "batch_size": 128,
  "buffer_size": 50000,
  "exploration_final_eps": 0.07271016351590694,
  "exploration_fraction": 0.48309202619410563,
  "exploration_initial_eps": 0.9144284806938834,
  "gamma": 0.9172449282856812,
  "gradient_steps": 8,
  "learning_rate": 0.00013545310590109587,
  "learning_starts": 50000,
  "target_update_interval": 20000,
  "tau": 0.0013659771791118735,
  "train_freq": 1
}