{
  "batch_size": 64,
  "buffer_size": 100000,
  "exploration_final_eps": 0.058169416845683816,
  "exploration_fraction": 0.1089474769788657,
  "exploration_initial_eps": 0.5254052857942006,
  "gamma": 0.9551673201087242,
  "gradient_steps": 4,
  "learning_rate": 0.008765544418589599,
  "learning_starts": 1000,
  "target_update_interval": 5000,
  "tau": 0.018368613717154786,
  "train_freq": 1
}