{
  "epoch": 7,
  "metrics": {
    "epoch": 7,
    "episode_rewards": 6.810171588834427,
    "episode_lengths": 27.0,
    "losses": 0.6078128918251355,
    "epsilon_values": 0.6057704364907278,
    "loss": 1.0029045664951985,
    "val_mean_episode_reward": 0.20220412535312704,
    "val_std_episode_reward": 7.943283755535128,
    "val_mean_episode_length": 67.8,
    "val_min_episode_reward": -14.565039682304196,
    "val_max_episode_reward": 13.562086227527642
  },
  "training_config": {
    "episodes": 100,
    "batch_size": 32,
    "learning_rate": 0.001,
    "gamma": 0.99,
    "epsilon_start": 1.0,
    "epsilon_end": 0.01,
    "epsilon_decay": 0.995,
    "replay_buffer_size": 10000,
    "target_update_frequency": 100,
    "validation_split": 0.2,
    "early_stopping_patience": 10,
    "use_tensorboard": true,
    "log_dir": "./logs"
  },
  "checkpoint_time": "2025-05-30T21:22:50.638951",
  "best_value": Infinity,
  "monitor": "loss"
}