{
  "batch_size": 64,
  "buffer_size": 100000,
  "exploration_final_eps": 0.07244971894982918,
  "exploration_fraction": 0.3355270568116319,
  "exploration_initial_eps": 0.5551025988495575,
  "gamma": 0.9337585806815832,
  "gradient_steps": 4,
  "learning_rate": 8.525433071834303e-05,
  "learning_starts": 1000,
  "target_update_interval": 5000,
  "tau": 0.055044432833864905,
  "train_freq": 16
}