{
  "batch_size": 128,
  "buffer_size": 10000,
  "exploration_final_eps": 0.05521869848636827,
  "exploration_fraction": 0.19429663776272704,
  "exploration_initial_eps": 0.6064200837592291,
  "gamma": 0.9683059516152053,
  "gradient_steps": 4,
  "learning_rate": 5.903568187606615e-05,
  "learning_starts": 1000,
  "target_update_interval": 10000,
  "tau": 0.07418114829044269,
  "train_freq": 8
}