{
  "batch_size": 32,
  "buffer_size": 500000,
  "exploration_final_eps": 0.05060200513218508,
  "exploration_fraction": 0.30831635906258353,
  "exploration_initial_eps": 0.7729875537690561,
  "gamma": 0.9258393942130083,
  "gradient_steps": 8,
  "learning_rate": 0.00014027973963934696,
  "learning_starts": 50000,
  "target_update_interval": 20000,
  "tau": 0.06623241688146651,
  "train_freq": 16
}