{
  "epoch": 7,
  "metrics": {
    "epoch": 7,
    "episode_rewards": 3.0947786087156888,
    "episode_lengths": 19.0,
    "losses": 1.5964012141267394,
    "epsilon_values": 0.6057704364907278,
    "loss": 0.9973185439293791,
    "val_mean_episode_reward": -0.2984000799833721,
    "val_std_episode_reward": 4.389039525909785,
    "val_mean_episode_length": 50.8,
    "val_min_episode_reward": -9.481415336018404,
    "val_max_episode_reward": 5.4421941482213825
  },
  "training_config": {
    "episodes": 100,
    "batch_size": 32,
    "learning_rate": 0.001,
    "gamma": 0.99,
    "epsilon_start": 1.0,
    "epsilon_end": 0.01,
    "epsilon_decay": 0.995,
    "replay_buffer_size": 10000,
    "target_update_frequency": 100,
    "validation_split": 0.2,
    "early_stopping_patience": 10,
    "use_tensorboard": true,
    "log_dir": "./logs"
  },
  "checkpoint_time": "2025-05-30T22:17:44.163593",
  "best_value": Infinity,
  "monitor": "loss"
}