{
  "batch_size": 256,
  "buffer_size": 1000000,
  "exploration_final_eps": 0.05227009466261552,
  "exploration_fraction": 0.1508723324622494,
  "exploration_initial_eps": 0.802574761927796,
  "gamma": 0.9271658481576327,
  "gradient_steps": 1,
  "learning_rate": 1.3539317603102772e-05,
  "learning_starts": 50000,
  "target_update_interval": 5000,
  "tau": 0.08427990703452293,
  "train_freq": 8
}