{
  "batch_size": 64,
  "buffer_size": 100000,
  "exploration_final_eps": 0.09243976837446559,
  "exploration_fraction": 0.45665860020242544,
  "exploration_initial_eps": 0.6137443717915042,
  "gamma": 0.9889652572049453,
  "gradient_steps": 4,
  "learning_rate": 0.0010269577329309234,
  "learning_starts": 10000,
  "target_update_interval": 5000,
  "tau": 0.07805767834581896,
  "train_freq": 8
}