{
  "batch_size": 32,
  "buffer_size": 500000,
  "exploration_final_eps": 0.020612749861042147,
  "exploration_fraction": 0.16676138752376932,
  "exploration_initial_eps": 0.6752706387779928,
  "gamma": 0.9348344214633958,
  "gradient_steps": 2,
  "learning_rate": 0.0012955005545928176,
  "learning_starts": 50000,
  "target_update_interval": 10000,
  "tau": 0.0030743941905741396,
  "train_freq": 1
}