{
  "batch_size": 128,
  "buffer_size": 500000,
  "exploration_final_eps": 0.05010817321014688,
  "exploration_fraction": 0.23525122043250757,
  "exploration_initial_eps": 0.7250761647127988,
  "gamma": 0.9642793868517142,
  "gradient_steps": 4,
  "learning_rate": 5.609864242842282e-05,
  "learning_starts": 5000,
  "target_update_interval": 10000,
  "tau": 0.0639326781271387,
  "train_freq": 1
}