{
  "batch_size": 256,
  "buffer_size": 10000,
  "exploration_final_eps": 0.04087490360039277,
  "exploration_fraction": 0.24404805741075636,
  "exploration_initial_eps": 0.7192539318996705,
  "gamma": 0.9444139319942874,
  "gradient_steps": 4,
  "learning_rate": 1.405159708643807e-05,
  "learning_starts": 1000,
  "target_update_interval": 10000,
  "tau": 0.06428061567450824,
  "train_freq": 4
}