{
  "batch_size": 64,
  "buffer_size": 1000000,
  "exploration_final_eps": 0.07833863607517394,
  "exploration_fraction": 0.33639181854272077,
  "exploration_initial_eps": 0.9790066913130833,
  "gamma": 0.9873315775888856,
  "gradient_steps": 1,
  "learning_rate": 0.0069971636623999845,
  "learning_starts": 10000,
  "target_update_interval": 20000,
  "tau": 0.04795708256731463,
  "train_freq": 4
}