{
  "batch_size": 256,
  "buffer_size": 1000000,
  "exploration_final_eps": 0.018836117769973897,
  "exploration_fraction": 0.3607295047840786,
  "exploration_initial_eps": 0.8900525984901924,
  "gamma": 0.9312657093624637,
  "gradient_steps": 8,
  "learning_rate": 0.005922016112324765,
  "learning_starts": 10000,
  "target_update_interval": 20000,
  "tau": 0.05047328732543654,
  "train_freq": 8
}