{
  "batch_size": 128,
  "buffer_size": 50000,
  "exploration_final_eps": 0.06170165066327146,
  "exploration_fraction": 0.45017642801961977,
  "exploration_initial_eps": 0.7654465988140569,
  "gamma": 0.9479743319440417,
  "gradient_steps": 1,
  "learning_rate": 0.00010243309370378925,
  "learning_starts": 1000,
  "target_update_interval": 5000,
  "tau": 0.07267981602836379,
  "train_freq": 4
}