{
  "batch_size": 256,
  "buffer_size": 1000000,
  "exploration_final_eps": 0.07005179522936397,
  "exploration_fraction": 0.45659009271714607,
  "exploration_initial_eps": 0.981589021332835,
  "gamma": 0.9917873665889494,
  "gradient_steps": 8,
  "learning_rate": 0.0006173737068601902,
  "learning_starts": 1000,
  "target_update_interval": 5000,
  "tau": 0.06304220563557317,
  "train_freq": 8
}