{
  "batch_size": 256,
  "buffer_size": 10000,
  "exploration_final_eps": 0.07790682732427145,
  "exploration_fraction": 0.40721458234034297,
  "exploration_initial_eps": 0.7330445029996338,
  "gamma": 0.9362381821337445,
  "gradient_steps": 2,
  "learning_rate": 0.00027956959359810277,
  "learning_starts": 10000,
  "target_update_interval": 10000,
  "tau": 0.006921028537339089,
  "train_freq": 4
}