{
  "batch_size": 64,
  "buffer_size": 100000,
  "exploration_final_eps": 0.0736571810908396,
  "exploration_fraction": 0.4311036791354739,
  "exploration_initial_eps": 0.6343823493078093,
  "gamma": 0.9177266608726863,
  "gradient_steps": 1,
  "learning_rate": 0.00010543341502029084,
  "learning_starts": 50000,
  "target_update_interval": 1000,
  "tau": 0.029316557262205535,
  "train_freq": 16
}