{
  "epoch": 8,
  "metrics": {
    "epoch": 8,
    "episode_rewards": -3.3633425477145567,
    "episode_lengths": 85.0,
    "losses": 1.0196149662300185,
    "epsilon_values": 0.6057704364907278,
    "loss": 0.9959966204186839,
    "val_mean_episode_reward": 3.9565423690893526,
    "val_std_episode_reward": 8.963824542152194,
    "val_mean_episode_length": 68.1,
    "val_min_episode_reward": -15.058246695135487,
    "val_max_episode_reward": 14.769670362636633
  },
  "training_config": {
    "episodes": 100,
    "batch_size": 32,
    "learning_rate": 0.001,
    "gamma": 0.99,
    "epsilon_start": 1.0,
    "epsilon_end": 0.01,
    "epsilon_decay": 0.995,
    "replay_buffer_size": 10000,
    "target_update_frequency": 100,
    "validation_split": 0.2,
    "early_stopping_patience": 10,
    "use_tensorboard": true,
    "log_dir": "./logs"
  },
  "checkpoint_time": "2025-05-30T22:18:40.872523",
  "best_value": Infinity,
  "monitor": "loss"
}