{
  "batch_size": 128,
  "buffer_size": 10000,
  "exploration_final_eps": 0.02311268362722179,
  "exploration_fraction": 0.10579566740524368,
  "exploration_initial_eps": 0.7677784529891348,
  "gamma": 0.9635615117053615,
  "gradient_steps": 2,
  "learning_rate": 0.0009871993318820405,
  "learning_starts": 10000,
  "target_update_interval": 20000,
  "tau": 0.09724940312838737,
  "train_freq": 16
}