{
  "epoch": 5,
  "metrics": {
    "epoch": 5,
    "episode_rewards": -16.209124275404736,
    "episode_lengths": 100.0,
    "losses": 1.1194772347088133,
    "epsilon_values": 0.6057704364907278,
    "loss": 1.0074460789995712,
    "val_mean_episode_reward": 2.924374208263661,
    "val_std_episode_reward": 7.41234434617612,
    "val_mean_episode_length": 72.4,
    "val_min_episode_reward": -10.395523613574042,
    "val_max_episode_reward": 13.295310775053295
  },
  "training_config": {
    "episodes": 100,
    "batch_size": 32,
    "learning_rate": 0.001,
    "gamma": 0.99,
    "epsilon_start": 1.0,
    "epsilon_end": 0.01,
    "epsilon_decay": 0.995,
    "replay_buffer_size": 10000,
    "target_update_frequency": 100,
    "validation_split": 0.2,
    "early_stopping_patience": 10,
    "use_tensorboard": true,
    "log_dir": "./logs"
  },
  "checkpoint_time": "2025-05-30T21:31:28.580650",
  "best_value": Infinity,
  "monitor": "loss"
}