{
  "batch_size": 64,
  "buffer_size": 50000,
  "exploration_final_eps": 0.07226866089513202,
  "exploration_fraction": 0.2999139168802115,
  "exploration_initial_eps": 0.6521977330034459,
  "gamma": 0.9584878858671803,
  "gradient_steps": 2,
  "learning_rate": 0.00022645181776451462,
  "learning_starts": 10000,
  "target_update_interval": 5000,
  "tau": 0.04854554425997959,
  "train_freq": 4
}