{
  "batch_size": 256,
  "buffer_size": 10000,
  "exploration_final_eps": 0.06970989656167131,
  "exploration_fraction": 0.4711360850608916,
  "exploration_initial_eps": 0.6034550685556814,
  "gamma": 0.9216079237887951,
  "gradient_steps": 1,
  "learning_rate": 0.0020423013172626383,
  "learning_starts": 10000,
  "target_update_interval": 1000,
  "tau": 0.05848194080439323,
  "train_freq": 16
}