{
  "batch_size": 128,
  "buffer_size": 500000,
  "exploration_final_eps": 0.025380386572141415,
  "exploration_fraction": 0.4770118377010988,
  "exploration_initial_eps": 0.8352707922853768,
  "gamma": 0.9506196451002757,
  "gradient_steps": 2,
  "learning_rate": 2.7372760253332468e-05,
  "learning_starts": 50000,
  "target_update_interval": 1000,
  "tau": 0.09812439454292148,
  "train_freq": 16
}