{
  "batch_size": 128,
  "buffer_size": 10000,
  "exploration_final_eps": 0.08694856010605766,
  "exploration_fraction": 0.4599274354566,
  "exploration_initial_eps": 0.8876473367143611,
  "gamma": 0.9201848336810741,
  "gradient_steps": 8,
  "learning_rate": 0.0007009430805113623,
  "learning_starts": 50000,
  "target_update_interval": 1000,
  "tau": 0.09218831445853456,
  "train_freq": 4
}