{
  "batch_size": 64,
  "buffer_size": 500000,
  "exploration_final_eps": 0.09971182023994793,
  "exploration_fraction": 0.1281894491220369,
  "exploration_initial_eps": 0.7204218093463102,
  "gamma": 0.9327333413827714,
  "gradient_steps": 2,
  "learning_rate": 0.0037434408822724476,
  "learning_starts": 1000,
  "target_update_interval": 10000,
  "tau": 0.0464705245797142,
  "train_freq": 16
}