{
  "batch_size": 32,
  "buffer_size": 50000,
  "exploration_final_eps": 0.027927463427575433,
  "exploration_fraction": 0.1420265998319329,
  "exploration_initial_eps": 0.9743679046527869,
  "gamma": 0.9085139936881635,
  "gradient_steps": 1,
  "learning_rate": 2.703704264905884e-05,
  "learning_starts": 10000,
  "target_update_interval": 5000,
  "tau": 0.0013643607215611288,
  "train_freq": 1
}