{
  "batch_size": 256,
  "buffer_size": 50000,
  "exploration_final_eps": 0.08883186980524167,
  "exploration_fraction": 0.16352890356286975,
  "exploration_initial_eps": 0.6754823360138693,
  "gamma": 0.9186587148224518,
  "gradient_steps": 8,
  "learning_rate": 7.253292081450042e-05,
  "learning_starts": 50000,
  "target_update_interval": 5000,
  "tau": 0.02981712223840217,
  "train_freq": 8
}