{
  "batch_size": 32,
  "buffer_size": 500000,
  "exploration_final_eps": 0.01524811460928756,
  "exploration_fraction": 0.3943521657272926,
  "exploration_initial_eps": 0.8085230895536227,
  "gamma": 0.9712011087734717,
  "gradient_steps": 2,
  "learning_rate": 1.1088253687060573e-05,
  "learning_starts": 5000,
  "target_update_interval": 20000,
  "tau": 0.01569285629030179,
  "train_freq": 4
}