{
  "batch_size": 128,
  "buffer_size": 1000000,
  "exploration_final_eps": 0.0636430573115515,
  "exploration_fraction": 0.13223294881889056,
  "exploration_initial_eps": 0.6843840094102804,
  "gamma": 0.9176384095095645,
  "gradient_steps": 2,
  "learning_rate": 0.0013813104060588061,
  "learning_starts": 50000,
  "target_update_interval": 5000,
  "tau": 0.04278123191393926,
  "train_freq": 16
}