{
  "batch_size": 256,
  "buffer_size": 50000,
  "exploration_final_eps": 0.09513672458248662,
  "exploration_fraction": 0.21579481412389628,
  "exploration_initial_eps": 0.654116287878429,
  "gamma": 0.9035996875150937,
  "gradient_steps": 1,
  "learning_rate": 1.6336715631767167e-05,
  "learning_starts": 10000,
  "target_update_interval": 20000,
  "tau": 0.05227304876032098,
  "train_freq": 4
}