{
  "batch_size": 64,
  "buffer_size": 500000,
  "exploration_final_eps": 0.04000379028932041,
  "exploration_fraction": 0.10089702886484328,
  "exploration_initial_eps": 0.5237149381736194,
  "gamma": 0.9691326499210632,
  "gradient_steps": 8,
  "learning_rate": 0.006588076920563277,
  "learning_starts": 10000,
  "target_update_interval": 10000,
  "tau": 0.06210825279385628,
  "train_freq": 1
}