{
  "batch_size": 256,
  "buffer_size": 10000,
  "exploration_final_eps": 0.048781183544682596,
  "exploration_fraction": 0.059202795058748224,
  "exploration_initial_eps": 0.5349712385317573,
  "gamma": 0.9333418262785071,
  "gradient_steps": 8,
  "learning_rate": 0.0004894847179404064,
  "learning_starts": 10000,
  "target_update_interval": 5000,
  "tau": 0.02810000124410082,
  "train_freq": 8
}