{
  "batch_size": 64,
  "buffer_size": 10000,
  "exploration_final_eps": 0.034450435031317415,
  "exploration_fraction": 0.05611157016887314,
  "exploration_initial_eps": 0.9641000290785589,
  "gamma": 0.9282955208609361,
  "gradient_steps": 1,
  "learning_rate": 0.003961487249711605,
  "learning_starts": 10000,
  "target_update_interval": 20000,
  "tau": 0.08407338611980651,
  "train_freq": 1
}