{
  "batch_size": 64,
  "buffer_size": 100000,
  "exploration_final_eps": 0.04551077674486019,
  "exploration_fraction": 0.21290481959846175,
  "exploration_initial_eps": 0.8580851702306748,
  "gamma": 0.9828537703807665,
  "gradient_steps": 4,
  "learning_rate": 0.001427377291902292,
  "learning_starts": 10000,
  "target_update_interval": 1000,
  "tau": 0.011590576976508681,
  "train_freq": 16
}