{
  "batch_size": 64,
  "buffer_size": 100000,
  "exploration_final_eps": 0.05788982315585008,
  "exploration_fraction": 0.0506721938426979,
  "exploration_initial_eps": 0.9596673915891578,
  "gamma": 0.9541138120466486,
  "gradient_steps": 8,
  "learning_rate": 0.0001722218251247883,
  "learning_starts": 10000,
  "target_update_interval": 5000,
  "tau": 0.06561338202904646,
  "train_freq": 8
}