{
  "batch_size": 256,
  "buffer_size": 10000,
  "exploration_final_eps": 0.04003422005853876,
  "exploration_fraction": 0.3115698995996344,
  "exploration_initial_eps": 0.9512442050070002,
  "gamma": 0.9403769985944693,
  "gradient_steps": 4,
  "learning_rate": 2.2014054545992024e-05,
  "learning_starts": 50000,
  "target_update_interval": 1000,
  "tau": 0.005585847713579886,
  "train_freq": 16
}