{
  "epoch": 8,
  "metrics": {
    "epoch": 8,
    "episode_rewards": -11.183052229123112,
    "episode_lengths": 72.0,
    "losses": 1.5170293276975695,
    "epsilon_values": 0.6057704364907278,
    "loss": 1.0085604138446533,
    "val_mean_episode_reward": 0.33090842359244227,
    "val_std_episode_reward": 4.189935053441313,
    "val_mean_episode_length": 57.5,
    "val_min_episode_reward": -7.5842095064027735,
    "val_max_episode_reward": 8.104234162294926
  },
  "training_config": {
    "episodes": 100,
    "batch_size": 32,
    "learning_rate": 0.001,
    "gamma": 0.99,
    "epsilon_start": 1.0,
    "epsilon_end": 0.01,
    "epsilon_decay": 0.995,
    "replay_buffer_size": 10000,
    "target_update_frequency": 100,
    "validation_split": 0.2,
    "early_stopping_patience": 10,
    "use_tensorboard": true,
    "log_dir": "./logs"
  },
  "checkpoint_time": "2025-05-30T21:34:23.640325",
  "best_value": Infinity,
  "monitor": "loss"
}