{
  "batch_size": 32,
  "buffer_size": 500000,
  "exploration_final_eps": 0.09787255370547762,
  "exploration_fraction": 0.27019720493497884,
  "exploration_initial_eps": 0.8893979826021945,
  "gamma": 0.9466408081494609,
  "gradient_steps": 2,
  "learning_rate": 0.0005417140445850412,
  "learning_starts": 50000,
  "target_update_interval": 10000,
  "tau": 0.0827369466755744,
  "train_freq": 16
}