{
  "batch_size": 256,
  "buffer_size": 50000,
  "exploration_final_eps": 0.08705586352490863,
  "exploration_fraction": 0.38475865455059655,
  "exploration_initial_eps": 0.6280556043883108,
  "gamma": 0.963490720748644,
  "gradient_steps": 1,
  "learning_rate": 0.0004897582888776902,
  "learning_starts": 1000,
  "target_update_interval": 10000,
  "tau": 0.0070763968487890915,
  "train_freq": 8
}