{
  "batch_size": 32,
  "buffer_size": 1000000,
  "exploration_final_eps": 0.0638783057569526,
  "exploration_fraction": 0.27832151861089904,
  "exploration_initial_eps": 0.5544029324088711,
  "gamma": 0.9822146144261373,
  "gradient_steps": 1,
  "learning_rate": 1.4712265560265263e-05,
  "learning_starts": 50000,
  "target_update_interval": 20000,
  "tau": 0.018682717563813234,
  "train_freq": 4
}