{
  "epoch": 1,
  "metrics": {
    "epoch": 1,
    "episode_rewards": 0.022511183799296924,
    "episode_lengths": 100.0,
    "losses": 1.2635536794455324,
    "epsilon_values": 0.6057704364907278,
    "loss": 1.0073512625389198,
    "val_mean_episode_reward": -1.112930857731795,
    "val_std_episode_reward": 9.20884266193936,
    "val_mean_episode_length": 57.7,
    "val_min_episode_reward": -23.72204190647287,
    "val_max_episode_reward": 11.195850456189941
  },
  "training_config": {
    "episodes": 100,
    "batch_size": 32,
    "learning_rate": 0.001,
    "gamma": 0.99,
    "epsilon_start": 1.0,
    "epsilon_end": 0.01,
    "epsilon_decay": 0.995,
    "replay_buffer_size": 10000,
    "target_update_frequency": 100,
    "validation_split": 0.2,
    "early_stopping_patience": 10,
    "use_tensorboard": true,
    "log_dir": "./logs"
  },
  "checkpoint_time": "2025-05-30T21:37:45.911343",
  "best_value": Infinity,
  "monitor": "loss"
}