{
  "batch_size": 32,
  "buffer_size": 50000,
  "exploration_final_eps": 0.08983107705758607,
  "exploration_fraction": 0.2337982201084151,
  "exploration_initial_eps": 0.8545759744523276,
  "gamma": 0.961067423682459,
  "gradient_steps": 2,
  "learning_rate": 0.00012321662142788592,
  "learning_starts": 5000,
  "target_update_interval": 20000,
  "tau": 0.03285804210798363,
  "train_freq": 4
}