{
  "batch_size": 128,
  "buffer_size": 50000,
  "exploration_final_eps": 0.02291741074147946,
  "exploration_fraction": 0.30969697450576744,
  "exploration_initial_eps": 0.7975791093584121,
  "gamma": 0.9114704344665725,
  "gradient_steps": 8,
  "learning_rate": 0.005321383134860973,
  "learning_starts": 5000,
  "target_update_interval": 5000,
  "tau": 0.09244155550074379,
  "train_freq": 1
}