{
  "batch_size": 256,
  "buffer_size": 10000,
  "exploration_final_eps": 0.036692178817134116,
  "exploration_fraction": 0.46068200638502027,
  "exploration_initial_eps": 0.7260508023427457,
  "gamma": 0.9986083465676963,
  "gradient_steps": 4,
  "learning_rate": 2.2371509373446552e-05,
  "learning_starts": 5000,
  "target_update_interval": 20000,
  "tau": 0.03617282773747658,
  "train_freq": 4
}