{
  "batch_size": 32,
  "buffer_size": 50000,
  "exploration_final_eps": 0.01041907293967092,
  "exploration_fraction": 0.07358130000754368,
  "exploration_initial_eps": 0.6403842833574758,
  "gamma": 0.9899413962173582,
  "gradient_steps": 4,
  "learning_rate": 1.548149058686678e-05,
  "learning_starts": 10000,
  "target_update_interval": 20000,
  "tau": 0.015711043788042132,
  "train_freq": 1
}