{
  "batch_size": 256,
  "buffer_size": 500000,
  "exploration_final_eps": 0.026702736902739888,
  "exploration_fraction": 0.07423338740941708,
  "exploration_initial_eps": 0.8406024538216087,
  "gamma": 0.9700541965607887,
  "gradient_steps": 4,
  "learning_rate": 1.6790867811727176e-05,
  "learning_starts": 1000,
  "target_update_interval": 20000,
  "tau": 0.0723203339613342,
  "train_freq": 4
}