{
  "batch_size": 128,
  "buffer_size": 10000,
  "exploration_final_eps": 0.04671538244681834,
  "exploration_fraction": 0.48076746381266666,
  "exploration_initial_eps": 0.7524559484325541,
  "gamma": 0.9468623929555329,
  "gradient_steps": 1,
  "learning_rate": 2.1664816554032735e-05,
  "learning_starts": 5000,
  "target_update_interval": 1000,
  "tau": 0.05488656687865869,
  "train_freq": 4
}