{
  "epoch": 5,
  "metrics": {
    "epoch": 5,
    "episode_rewards": -12.454833258471691,
    "episode_lengths": 100.0,
    "losses": 0.8323161146730632,
    "epsilon_values": 0.6057704364907278,
    "loss": 0.9946821752367883,
    "val_mean_episode_reward": 1.2243741818735263,
    "val_std_episode_reward": 6.172091471232833,
    "val_mean_episode_length": 55.7,
    "val_min_episode_reward": -11.653320375240822,
    "val_max_episode_reward": 12.001600149978797
  },
  "training_config": {
    "episodes": 100,
    "batch_size": 32,
    "learning_rate": 0.001,
    "gamma": 0.99,
    "epsilon_start": 1.0,
    "epsilon_end": 0.01,
    "epsilon_decay": 0.995,
    "replay_buffer_size": 10000,
    "target_update_frequency": 100,
    "validation_split": 0.2,
    "early_stopping_patience": 10,
    "use_tensorboard": true,
    "log_dir": "./logs"
  },
  "checkpoint_time": "2025-05-30T22:15:51.623130",
  "best_value": Infinity,
  "monitor": "loss"
}