{
  "batch_size": 256,
  "buffer_size": 1000000,
  "exploration_final_eps": 0.02836891578366464,
  "exploration_fraction": 0.20536141580389106,
  "exploration_initial_eps": 0.7964022281964627,
  "gamma": 0.9824992424946828,
  "gradient_steps": 1,
  "learning_rate": 0.009215597483761198,
  "learning_starts": 50000,
  "target_update_interval": 5000,
  "tau": 0.06632845065499353,
  "train_freq": 1
}