{
  "batch_size": 64,
  "buffer_size": 500000,
  "exploration_final_eps": 0.036158053368773285,
  "exploration_fraction": 0.4519861150268359,
  "exploration_initial_eps": 0.5365022629763,
  "gamma": 0.9610368043569089,
  "gradient_steps": 1,
  "learning_rate": 2.9474489564577326e-05,
  "learning_starts": 1000,
  "target_update_interval": 1000,
  "tau": 0.05808039673074568,
  "train_freq": 16
}