{
  "epoch": 5,
  "metrics": {
    "epoch": 5,
    "episode_rewards": -6.595988393571085,
    "episode_lengths": 11.0,
    "losses": 0.7173741563490333,
    "epsilon_values": 0.6057704364907278,
    "loss": 1.0054778778796007,
    "val_mean_episode_reward": 3.2419944337103956,
    "val_std_episode_reward": 5.117188466841294,
    "val_mean_episode_length": 60.2,
    "val_min_episode_reward": -4.638374886934407,
    "val_max_episode_reward": 15.906911189791618
  },
  "training_config": {
    "episodes": 100,
    "batch_size": 32,
    "learning_rate": 0.001,
    "gamma": 0.99,
    "epsilon_start": 1.0,
    "epsilon_end": 0.01,
    "epsilon_decay": 0.995,
    "replay_buffer_size": 10000,
    "target_update_frequency": 100,
    "validation_split": 0.2,
    "early_stopping_patience": 10,
    "use_tensorboard": true,
    "log_dir": "./logs"
  },
  "checkpoint_time": "2025-05-30T21:20:56.544443",
  "best_value": Infinity,
  "monitor": "loss"
}