{
  "batch_size": 128,
  "buffer_size": 500000,
  "exploration_final_eps": 0.016956138561963152,
  "exploration_fraction": 0.16718520125425074,
  "exploration_initial_eps": 0.9622471451145149,
  "gamma": 0.989762642647226,
  "gradient_steps": 2,
  "learning_rate": 0.00018695160453164936,
  "learning_starts": 10000,
  "target_update_interval": 5000,
  "tau": 0.06664051883571231,
  "train_freq": 4
}