{
  "batch_size": 128,
  "buffer_size": 500000,
  "exploration_final_eps": 0.06950720505741693,
  "exploration_fraction": 0.364905973108742,
  "exploration_initial_eps": 0.5826505255210532,
  "gamma": 0.9949593549314116,
  "gradient_steps": 1,
  "learning_rate": 1.6850378513632875e-05,
  "learning_starts": 1000,
  "target_update_interval": 10000,
  "tau": 0.083319788424206,
  "train_freq": 16
}