{
  "batch_size": 128,
  "buffer_size": 10000,
  "exploration_final_eps": 0.01386156674233142,
  "exploration_fraction": 0.4971240822728832,
  "exploration_initial_eps": 0.8499567399265701,
  "gamma": 0.926870892857779,
  "gradient_steps": 8,
  "learning_rate": 4.8361049645507045e-05,
  "learning_starts": 1000,
  "target_update_interval": 10000,
  "tau": 0.029580478580099934,
  "train_freq": 16
}