{
  "batch_size": 32,
  "buffer_size": 50000,
  "exploration_final_eps": 0.09661264258915556,
  "exploration_fraction": 0.31519804941884144,
  "exploration_initial_eps": 0.5337214907988064,
  "gamma": 0.9696568287075883,
  "gradient_steps": 2,
  "learning_rate": 2.5382507991514683e-05,
  "learning_starts": 5000,
  "target_update_interval": 1000,
  "tau": 0.024820595236851904,
  "train_freq": 1
}