{
  "batch_size": 256,
  "buffer_size": 100000,
  "exploration_final_eps": 0.06570049451618522,
  "exploration_fraction": 0.07752601570982906,
  "exploration_initial_eps": 0.5457252926166735,
  "gamma": 0.9832675809844429,
  "gradient_steps": 1,
  "learning_rate": 7.69693055779464e-05,
  "learning_starts": 1000,
  "target_update_interval": 5000,
  "tau": 0.034872449139821585,
  "train_freq": 1
}