{
  "batch_size": 64,
  "buffer_size": 50000,
  "exploration_final_eps": 0.04788655584186954,
  "exploration_fraction": 0.1598379032292911,
  "exploration_initial_eps": 0.967475675108456,
  "gamma": 0.9664155928518714,
  "gradient_steps": 2,
  "learning_rate": 0.0002006802116326887,
  "learning_starts": 10000,
  "target_update_interval": 1000,
  "tau": 0.050641643646203036,
  "train_freq": 4
}