{
  "batch_size": 128,
  "buffer_size": 10000,
  "exploration_final_eps": 0.07382308397819468,
  "exploration_fraction": 0.3196782372540819,
  "exploration_initial_eps": 0.8077795927005096,
  "gamma": 0.9000502860235526,
  "gradient_steps": 2,
  "learning_rate": 0.0016931920897274681,
  "learning_starts": 50000,
  "target_update_interval": 1000,
  "tau": 0.03443145492324774,
  "train_freq": 1
}