{
  "batch_size": 64,
  "buffer_size": 100000,
  "exploration_final_eps": 0.03893131735008824,
  "exploration_fraction": 0.18434732086168815,
  "exploration_initial_eps": 0.8219206800161942,
  "gamma": 0.9113806890343628,
  "gradient_steps": 4,
  "learning_rate": 0.0034036490427062894,
  "learning_starts": 5000,
  "target_update_interval": 10000,
  "tau": 0.0945072866692456,
  "train_freq": 8
}