{
  "batch_size": 64,
  "buffer_size": 100000,
  "exploration_final_eps": 0.08144626759889777,
  "exploration_fraction": 0.3890100327059639,
  "exploration_initial_eps": 0.9418731614819703,
  "gamma": 0.9799665483872808,
  "gradient_steps": 1,
  "learning_rate": 0.0025703937605666876,
  "learning_starts": 50000,
  "target_update_interval": 10000,
  "tau": 0.028834116700727726,
  "train_freq": 1
}