{
  "batch_size": 128,
  "buffer_size": 100000,
  "exploration_final_eps": 0.07607745087402298,
  "exploration_fraction": 0.43209363645589804,
  "exploration_initial_eps": 0.6455735218106982,
  "gamma": 0.9900531773869333,
  "gradient_steps": 4,
  "learning_rate": 0.0018363986692821227,
  "learning_starts": 1000,
  "target_update_interval": 5000,
  "tau": 0.04131336794919927,
  "train_freq": 8
}