{
  "batch_size": 64,
  "buffer_size": 50000,
  "exploration_final_eps": 0.06882814632771245,
  "exploration_fraction": 0.23478615612536402,
  "exploration_initial_eps": 0.9984497308378046,
  "gamma": 0.9781028188938564,
  "gradient_steps": 1,
  "learning_rate": 0.002255046391040455,
  "learning_starts": 10000,
  "target_update_interval": 20000,
  "tau": 0.08590460260919257,
  "train_freq": 1
}