{
  "epoch": 0,
  "metrics": {
    "epoch": 0,
    "episode_rewards": 0.5159493558235172,
    "episode_lengths": 3.0,
    "losses": 1.1177305918322897,
    "epsilon_values": 0.6057704364907278,
    "loss": 1.029042333748029,
    "val_mean_episode_reward": 3.485162338085953,
    "val_std_episode_reward": 7.304020572666896,
    "val_mean_episode_length": 82.9,
    "val_min_episode_reward": -14.294449618608962,
    "val_max_episode_reward": 13.236735254009748
  },
  "training_config": {
    "episodes": 100,
    "batch_size": 32,
    "learning_rate": 0.001,
    "gamma": 0.99,
    "epsilon_start": 1.0,
    "epsilon_end": 0.01,
    "epsilon_decay": 0.995,
    "replay_buffer_size": 10000,
    "target_update_frequency": 100,
    "validation_split": 0.2,
    "early_stopping_patience": 10,
    "use_tensorboard": true,
    "log_dir": "./logs"
  },
  "checkpoint_time": "2025-05-30T21:26:50.605318",
  "best_value": Infinity,
  "monitor": "loss"
}