{
  "batch_size": 32,
  "buffer_size": 100000,
  "exploration_final_eps": 0.036576041963141626,
  "exploration_fraction": 0.39123720892019426,
  "exploration_initial_eps": 0.537587022104442,
  "gamma": 0.9531170243128814,
  "gradient_steps": 1,
  "learning_rate": 1.3854026787321918e-05,
  "learning_starts": 50000,
  "target_update_interval": 10000,
  "tau": 0.03334528100893203,
  "train_freq": 1
}