{
  "batch_size": 256,
  "buffer_size": 100000,
  "exploration_final_eps": 0.014646514551338658,
  "exploration_fraction": 0.06634929064701185,
  "exploration_initial_eps": 0.7691712376632454,
  "gamma": 0.9349454946985609,
  "gradient_steps": 8,
  "learning_rate": 4.991711695481657e-05,
  "learning_starts": 5000,
  "target_update_interval": 5000,
  "tau": 0.06832054925726608,
  "train_freq": 8
}