{
  "batch_size": 256,
  "buffer_size": 500000,
  "exploration_final_eps": 0.08312345986296375,
  "exploration_fraction": 0.411043639289334,
  "exploration_initial_eps": 0.8682233664913889,
  "gamma": 0.9684901710331713,
  "gradient_steps": 8,
  "learning_rate": 1.2205480213024218e-05,
  "learning_starts": 1000,
  "target_update_interval": 20000,
  "tau": 0.051010557621170766,
  "train_freq": 4
}