{
  "batch_size": 64,
  "buffer_size": 500000,
  "exploration_final_eps": 0.04057938436075838,
  "exploration_fraction": 0.3943730068785081,
  "exploration_initial_eps": 0.7931177568009833,
  "gamma": 0.9763110160962587,
  "gradient_steps": 2,
  "learning_rate": 0.0007643409621826814,
  "learning_starts": 1000,
  "target_update_interval": 20000,
  "tau": 0.08110064195740273,
  "train_freq": 1
}