{
  "batch_size": 64,
  "buffer_size": 10000,
  "exploration_final_eps": 0.03398554168216917,
  "exploration_fraction": 0.45102019372427643,
  "exploration_initial_eps": 0.7293339921507145,
  "gamma": 0.9080284637321067,
  "gradient_steps": 1,
  "learning_rate": 0.0027730304636732523,
  "learning_starts": 1000,
  "target_update_interval": 20000,
  "tau": 0.006088823159636416,
  "train_freq": 8
}