{
  "batch_size": 64,
  "buffer_size": 10000,
  "exploration_final_eps": 0.07118831307704705,
  "exploration_fraction": 0.39199958372279875,
  "exploration_initial_eps": 0.9544312437918763,
  "gamma": 0.9529460253630981,
  "gradient_steps": 2,
  "learning_rate": 0.0018356637485706293,
  "learning_starts": 1000,
  "target_update_interval": 5000,
  "tau": 0.06141989293700834,
  "train_freq": 1
}