{
  "epoch": 9,
  "metrics": {
    "epoch": 9,
    "episode_rewards": 3.6515035317381974,
    "episode_lengths": 3.0,
    "losses": 0.8563621011229792,
    "epsilon_values": 0.6057704364907278,
    "loss": 1.0018664779467699,
    "val_mean_episode_reward": -0.08074718937135676,
    "val_std_episode_reward": 5.393764877050857,
    "val_mean_episode_length": 64.0,
    "val_min_episode_reward": -7.389675417688025,
    "val_max_episode_reward": 10.033501558123273
  },
  "training_config": {
    "episodes": 100,
    "batch_size": 32,
    "learning_rate": 0.001,
    "gamma": 0.99,
    "epsilon_start": 1.0,
    "epsilon_end": 0.01,
    "epsilon_decay": 0.995,
    "replay_buffer_size": 10000,
    "target_update_frequency": 100,
    "validation_split": 0.2,
    "early_stopping_patience": 10,
    "use_tensorboard": true,
    "log_dir": "./logs"
  },
  "checkpoint_time": "2025-05-30T21:24:49.835743",
  "best_value": Infinity,
  "monitor": "loss"
}