{
  "batch_size": 32,
  "buffer_size": 10000,
  "exploration_final_eps": 0.026402909258299932,
  "exploration_fraction": 0.18046828815225285,
  "exploration_initial_eps": 0.8266391709661032,
  "gamma": 0.9392372378532987,
  "gradient_steps": 2,
  "learning_rate": 0.0015882940158791186,
  "learning_starts": 10000,
  "target_update_interval": 1000,
  "tau": 0.012748741084172205,
  "train_freq": 16
}