{
  "batch_size": 64,
  "buffer_size": 100000,
  "exploration_final_eps": 0.08989046960680494,
  "exploration_fraction": 0.2990928615217713,
  "exploration_initial_eps": 0.8136188210491684,
  "gamma": 0.965401447396872,
  "gradient_steps": 2,
  "learning_rate": 0.0001657381643616588,
  "learning_starts": 50000,
  "target_update_interval": 5000,
  "tau": 0.007803422739213934,
  "train_freq": 8
}