{
  "batch_size": 128,
  "buffer_size": 10000,
  "exploration_final_eps": 0.05024695113840995,
  "exploration_fraction": 0.4925424761711921,
  "exploration_initial_eps": 0.5679074804058776,
  "gamma": 0.942758352951213,
  "gradient_steps": 1,
  "learning_rate": 0.0008429260814039187,
  "learning_starts": 10000,
  "target_update_interval": 10000,
  "tau": 0.018164735955455306,
  "train_freq": 1
}