{
  "batch_size": 256,
  "buffer_size": 10000,
  "exploration_final_eps": 0.08535772377030063,
  "exploration_fraction": 0.3739491078073422,
  "exploration_initial_eps": 0.6604982184116475,
  "gamma": 0.9183841871206926,
  "gradient_steps": 2,
  "learning_rate": 0.0024269973830955797,
  "learning_starts": 5000,
  "target_update_interval": 5000,
  "tau": 0.029643455838460668,
  "train_freq": 16
}