{
  "epoch": 6,
  "metrics": {
    "epoch": 6,
    "episode_rewards": 10.441757043733688,
    "episode_lengths": 19.0,
    "losses": 0.5182973619884241,
    "epsilon_values": 0.6057704364907278,
    "loss": 1.0004573176580256,
    "val_mean_episode_reward": -0.5167168928383417,
    "val_std_episode_reward": 8.600952422106435,
    "val_mean_episode_length": 61.3,
    "val_min_episode_reward": -17.208492872388586,
    "val_max_episode_reward": 10.979450062487707
  },
  "training_config": {
    "episodes": 100,
    "batch_size": 32,
    "learning_rate": 0.001,
    "gamma": 0.99,
    "epsilon_start": 1.0,
    "epsilon_end": 0.01,
    "epsilon_decay": 0.995,
    "replay_buffer_size": 10000,
    "target_update_frequency": 100,
    "validation_split": 0.2,
    "early_stopping_patience": 10,
    "use_tensorboard": true,
    "log_dir": "./logs"
  },
  "checkpoint_time": "2025-05-30T21:42:36.922328",
  "best_value": Infinity,
  "monitor": "loss"
}