{
  "epoch": 9,
  "metrics": {
    "epoch": 9,
    "episode_rewards": 15.323279106208085,
    "episode_lengths": 100.0,
    "losses": 0.4742160830761459,
    "epsilon_values": 0.6057704364907278,
    "loss": 1.001856604000314,
    "val_mean_episode_reward": -0.38519929925013974,
    "val_std_episode_reward": 10.104897353468393,
    "val_mean_episode_length": 60.7,
    "val_min_episode_reward": -18.981253382750573,
    "val_max_episode_reward": 14.520386882935384
  },
  "training_config": {
    "episodes": 100,
    "batch_size": 32,
    "learning_rate": 0.001,
    "gamma": 0.99,
    "epsilon_start": 1.0,
    "epsilon_end": 0.01,
    "epsilon_decay": 0.995,
    "replay_buffer_size": 10000,
    "target_update_frequency": 100,
    "validation_split": 0.2,
    "early_stopping_patience": 10,
    "use_tensorboard": true,
    "log_dir": "./logs"
  },
  "checkpoint_time": "2025-05-30T21:45:36.266399",
  "best_value": Infinity,
  "monitor": "loss"
}