{
  "batch_size": 128,
  "buffer_size": 50000,
  "exploration_final_eps": 0.06386268825458606,
  "exploration_fraction": 0.33104052211566387,
  "exploration_initial_eps": 0.9035783670943597,
  "gamma": 0.988158887861441,
  "gradient_steps": 2,
  "learning_rate": 3.328087737866207e-05,
  "learning_starts": 50000,
  "target_update_interval": 10000,
  "tau": 0.08768874904753235,
  "train_freq": 16
}