{
  "batch_size": 32,
  "buffer_size": 50000,
  "exploration_final_eps": 0.07069817061849222,
  "exploration_fraction": 0.42479026501181033,
  "exploration_initial_eps": 0.6448571460382704,
  "gamma": 0.978886181946258,
  "gradient_steps": 4,
  "learning_rate": 0.0005832777297878954,
  "learning_starts": 10000,
  "target_update_interval": 10000,
  "tau": 0.015572865956598389,
  "train_freq": 16
}