{
  "batch_size": 64,
  "buffer_size": 1000000,
  "exploration_final_eps": 0.08355250562084404,
  "exploration_fraction": 0.12914370722694102,
  "exploration_initial_eps": 0.607979809343962,
  "gamma": 0.9703795400622935,
  "gradient_steps": 8,
  "learning_rate": 0.0008842389924850561,
  "learning_starts": 5000,
  "target_update_interval": 1000,
  "tau": 0.08853217671312837,
  "train_freq": 4
}