{
  "batch_size": 128,
  "buffer_size": 500000,
  "exploration_final_eps": 0.06193591976756391,
  "exploration_fraction": 0.2075298896186073,
  "exploration_initial_eps": 0.7386457532899172,
  "gamma": 0.9540265282364973,
  "gradient_steps": 4,
  "learning_rate": 0.0001511746608250798,
  "learning_starts": 10000,
  "target_update_interval": 5000,
  "tau": 0.06206183505311793,
  "train_freq": 8
}