{
  "epoch": 3,
  "metrics": {
    "epoch": 3,
    "episode_rewards": 10.989934768132477,
    "episode_lengths": 94.0,
    "losses": 1.0058997078433758,
    "epsilon_values": 0.6057704364907278,
    "loss": 1.005419976885462,
    "val_mean_episode_reward": -0.1550969988884945,
    "val_std_episode_reward": 5.702141905230571,
    "val_mean_episode_length": 55.3,
    "val_min_episode_reward": -9.172498752477402,
    "val_max_episode_reward": 11.043597481983191
  },
  "training_config": {
    "episodes": 100,
    "batch_size": 32,
    "learning_rate": 0.001,
    "gamma": 0.99,
    "epsilon_start": 1.0,
    "epsilon_end": 0.01,
    "epsilon_decay": 0.995,
    "replay_buffer_size": 10000,
    "target_update_frequency": 100,
    "validation_split": 0.2,
    "early_stopping_patience": 10,
    "use_tensorboard": true,
    "log_dir": "./logs"
  },
  "checkpoint_time": "2025-05-30T21:19:06.127711",
  "best_value": Infinity,
  "monitor": "loss"
}