{
  "epoch": 8,
  "metrics": {
    "epoch": 8,
    "episode_rewards": 2.1800662494491942,
    "episode_lengths": 100.0,
    "losses": 0.9962452422830597,
    "epsilon_values": 0.6057704364907278,
    "loss": 1.0030608910423442,
    "val_mean_episode_reward": 1.9410942933798907,
    "val_std_episode_reward": 10.80961791032017,
    "val_mean_episode_length": 78.1,
    "val_min_episode_reward": -10.837395569514277,
    "val_max_episode_reward": 25.68541207884094
  },
  "training_config": {
    "episodes": 100,
    "batch_size": 32,
    "learning_rate": 0.001,
    "gamma": 0.99,
    "epsilon_start": 1.0,
    "epsilon_end": 0.01,
    "epsilon_decay": 0.995,
    "replay_buffer_size": 10000,
    "target_update_frequency": 100,
    "validation_split": 0.2,
    "early_stopping_patience": 10,
    "use_tensorboard": true,
    "log_dir": "./logs"
  },
  "checkpoint_time": "2025-05-30T21:23:50.259662",
  "best_value": Infinity,
  "monitor": "loss"
}