{
  "batch_size": 32,
  "buffer_size": 50000,
  "exploration_final_eps": 0.06959505045491303,
  "exploration_fraction": 0.3223573509747845,
  "exploration_initial_eps": 0.6511049878651458,
  "gamma": 0.9983926421497642,
  "gradient_steps": 2,
  "learning_rate": 0.00021380247038781295,
  "learning_starts": 10000,
  "target_update_interval": 20000,
  "tau": 0.03475038829945266,
  "train_freq": 16
}