{
  "epoch": 0,
  "metrics": {
    "epoch": 0,
    "episode_rewards": 1.681060137528376,
    "episode_lengths": 100.0,
    "losses": 0.7844276389112983,
    "epsilon_values": 0.6057704364907278,
    "loss": 1.045242566786359,
    "val_mean_episode_reward": -4.268465011998616,
    "val_std_episode_reward": 11.642252487147848,
    "val_mean_episode_length": 82.4,
    "val_min_episode_reward": -29.399297313517014,
    "val_max_episode_reward": 14.827631515183192
  },
  "training_config": {
    "episodes": 100,
    "batch_size": 32,
    "learning_rate": 0.001,
    "gamma": 0.99,
    "epsilon_start": 1.0,
    "epsilon_end": 0.01,
    "epsilon_decay": 0.995,
    "replay_buffer_size": 10000,
    "target_update_frequency": 100,
    "validation_split": 0.2,
    "early_stopping_patience": 10,
    "use_tensorboard": true,
    "log_dir": "./logs"
  },
  "checkpoint_time": "2025-05-30T21:16:20.882053",
  "best_value": Infinity,
  "monitor": "loss"
}