{
  "epoch": 6,
  "metrics": {
    "epoch": 6,
    "episode_rewards": 10.16581825490133,
    "episode_lengths": 100.0,
    "losses": 0.8731434669902736,
    "epsilon_values": 0.6057704364907278,
    "loss": 1.0075656851293797,
    "val_mean_episode_reward": -0.22190223681595472,
    "val_std_episode_reward": 5.102648186441689,
    "val_mean_episode_length": 55.9,
    "val_min_episode_reward": -9.475158012420529,
    "val_max_episode_reward": 6.501322982291817
  },
  "training_config": {
    "episodes": 100,
    "batch_size": 32,
    "learning_rate": 0.001,
    "gamma": 0.99,
    "epsilon_start": 1.0,
    "epsilon_end": 0.01,
    "epsilon_decay": 0.995,
    "replay_buffer_size": 10000,
    "target_update_frequency": 100,
    "validation_split": 0.2,
    "early_stopping_patience": 10,
    "use_tensorboard": true,
    "log_dir": "./logs"
  },
  "checkpoint_time": "2025-05-30T21:32:28.641231",
  "best_value": Infinity,
  "monitor": "loss"
}