{
  "batch_size": 32,
  "buffer_size": 100000,
  "exploration_final_eps": 0.01603079920298149,
  "exploration_fraction": 0.10993772043134001,
  "exploration_initial_eps": 0.7163084674340239,
  "gamma": 0.9931852719661826,
  "gradient_steps": 1,
  "learning_rate": 4.4373632688181695e-05,
  "learning_starts": 5000,
  "target_update_interval": 1000,
  "tau": 0.003830499683402423,
  "train_freq": 16
}