{
  "batch_size": 256,
  "buffer_size": 100000,
  "exploration_final_eps": 0.045004095343768855,
  "exploration_fraction": 0.4123013825774258,
  "exploration_initial_eps": 0.9979824360954768,
  "gamma": 0.9129933883117577,
  "gradient_steps": 8,
  "learning_rate": 0.002498829646263326,
  "learning_starts": 50000,
  "target_update_interval": 1000,
  "tau": 0.08217065765381994,
  "train_freq": 4
}