{
  "epoch": 8,
  "metrics": {
    "epoch": 8,
    "episode_rewards": 3.5820127923033938,
    "episode_lengths": 96.0,
    "losses": 0.8713389015303745,
    "epsilon_values": 0.6057704364907278,
    "loss": 1.0000181286288434,
    "val_mean_episode_reward": -4.606204155440602,
    "val_std_episode_reward": 10.111550141508244,
    "val_mean_episode_length": 70.1,
    "val_min_episode_reward": -20.210044266469847,
    "val_max_episode_reward": 8.49008205591886
  },
  "training_config": {
    "episodes": 100,
    "batch_size": 32,
    "learning_rate": 0.001,
    "gamma": 0.99,
    "epsilon_start": 1.0,
    "epsilon_end": 0.01,
    "epsilon_decay": 0.995,
    "replay_buffer_size": 10000,
    "target_update_frequency": 100,
    "validation_split": 0.2,
    "early_stopping_patience": 10,
    "use_tensorboard": true,
    "log_dir": "./logs"
  },
  "checkpoint_time": "2025-05-30T21:44:36.461702",
  "best_value": Infinity,
  "monitor": "loss"
}