{
  "batch_size": 256,
  "buffer_size": 1000000,
  "exploration_final_eps": 0.010427635274602352,
  "exploration_fraction": 0.22444495441967027,
  "exploration_initial_eps": 0.9993318215992983,
  "gamma": 0.9752460003993715,
  "gradient_steps": 2,
  "learning_rate": 0.0012932738156160967,
  "learning_starts": 50000,
  "target_update_interval": 5000,
  "tau": 0.066620857296346,
  "train_freq": 8
}