{
  "batch_size": 256,
  "buffer_size": 100000,
  "exploration_final_eps": 0.03364707435754324,
  "exploration_fraction": 0.3977952115326385,
  "exploration_initial_eps": 0.5246629466873034,
  "gamma": 0.9604496727653871,
  "gradient_steps": 1,
  "learning_rate": 1.3258674127740806e-05,
  "learning_starts": 1000,
  "target_update_interval": 1000,
  "tau": 0.03975108294195883,
  "train_freq": 4
}