{
  "batch_size": 128,
  "buffer_size": 10000,
  "exploration_final_eps": 0.05273353878572015,
  "exploration_fraction": 0.3738084386906957,
  "exploration_initial_eps": 0.9883732777193873,
  "gamma": 0.9529998785595029,
  "gradient_steps": 1,
  "learning_rate": 0.0028679592311545306,
  "learning_starts": 50000,
  "target_update_interval": 10000,
  "tau": 0.05074219592980219,
  "train_freq": 8
}